MatchNumber,RoundNumber,DateUtc,Location,HomeTeam,AwayTeam,Group,HomeTeamScore,AwayTeamScore
1,1,2025-08-15 19:00:00Z,Anfield,Liverpool,Bournemouth,,4.0,2.0
2,1,2025-08-16 11:30:00Z,Villa Park,Aston Villa,Newcastle,,0.0,0.0
3,1,2025-08-16 14:00:00Z,American Express Stadium,Brighton,Fulham,,1.0,1.0
5,1,2025-08-16 14:00:00Z,Stadium of Light,Sunderland,West Ham,,3.0,0.0
6,1,2025-08-16 14:00:00Z,Tottenham Hotspur Stadium,Spurs,Burnley,,3.0,0.0
7,1,2025-08-16 16:30:00Z,Molineux Stadium,Wolves,Man City,,0.0,4.0
4,1,2025-08-17 13:00:00Z,The City Ground,Nott'm Forest,Brentford,,3.0,1.0
8,1,2025-08-17 13:00:00Z,Stamford Bridge,Chelsea,Crystal Palace,,0.0,0.0
9,1,2025-08-17 15:30:00Z,Old Trafford,Man Utd,Arsenal,,0.0,1.0
10,1,2025-08-18 19:00:00Z,Elland Road,Leeds,Everton,,1.0,0.0
20,2,2025-08-22 19:00:00Z,London Stadium,West Ham,Chelsea,,1.0,5.0
18,2,2025-08-23 11:30:00Z,Etihad Stadium,Man City,Spurs,,0.0,2.0
12,2,2025-08-23 14:00:00Z,Vitality Stadium,Bournemouth,Wolves,,1.0,0.0
13,2,2025-08-23 14:00:00Z,Gtech Community Stadium,Brentford,Aston Villa,,1.0,0.0
14,2,2025-08-23 14:00:00Z,Turf Moor,Burnley,Sunderland,,2.0,0.0
11,2,2025-08-23 16:30:00Z,Emirates Stadium,Arsenal,Leeds,,5.0,0.0
15,2,2025-08-24 13:00:00Z,Selhurst Park,Crystal Palace,Nott'm Forest,,1.0,1.0
16,2,2025-08-24 13:00:00Z,Hill Dickinson Stadium,Everton,Brighton,,2.0,0.0
17,2,2025-08-24 15:30:00Z,Craven Cottage,Fulham,Man Utd,,1.0,1.0
19,2,2025-08-25 19:00:00Z,St. James' Park,Newcastle,Liverpool,,2.0,3.0
23,3,2025-08-30 11:30:00Z,Stamford Bridge,Chelsea,Fulham,,2.0,0.0
26,3,2025-08-30 14:00:00Z,Old Trafford,Man Utd,Burnley,,3.0,2.0
28,3,2025-08-30 14:00:00Z,Stadium of Light,Sunderland,Brentford,,2.0,1.0
29,3,2025-08-30 14:00:00Z,Tottenham Hotspur Stadium,Spurs,Bournemouth,,0.0,1.0
30,3,2025-08-30 14:00:00Z,Molineux Stadium,Wolves,Everton,,2.0,3.0
24,3,2025-08-30 16:30:00Z,Elland Road,Leeds,Newcastle,,0.0,0.0
22,3,2025-08-31 13:00:00Z,American Express Stadium,Brighton,Man City,,2.0,1.0
27,3,2025-08-31 13:00:00Z,The City Ground,Nott'm Forest,West Ham,,0.0,3.0
25,3,2025-08-31 15:30:00Z,Anfield,Liverpool,Arsenal,,1.0,0.0
21,3,2025-08-31 18:00:00Z,Villa Park,Aston Villa,Crystal Palace,,0.0,3.0
31,4,2025-09-13 11:30:00Z,Emirates Stadium,Arsenal,Nott'm Forest,,3.0,0.0
32,4,2025-09-13 14:00:00Z,Vitality Stadium,Bournemouth,Brighton,,2.0,1.0
35,4,2025-09-13 14:00:00Z,Selhurst Park,Crystal Palace,Sunderland,,0.0,0.0
36,4,2025-09-13 14:00:00Z,Hill Dickinson Stadium,Everton,Aston Villa,,0.0,0.0
37,4,2025-09-13 14:00:00Z,Craven Cottage,Fulham,Leeds,,1.0,0.0
39,4,2025-09-13 14:00:00Z,St. James' Park,Newcastle,Wolves,,1.0,0.0
40,4,2025-09-13 16:30:00Z,London Stadium,West Ham,Spurs,,0.0,3.0
33,4,2025-09-13 19:00:00Z,Gtech Community Stadium,Brentford,Chelsea,,2.0,2.0
34,4,2025-09-14 13:00:00Z,Turf Moor,Burnley,Liverpool,,0.0,1.0
38,4,2025-09-14 15:30:00Z,Etihad Stadium,Man City,Man Utd,,3.0,0.0
46,5,2025-09-20 11:30:00Z,Anfield,Liverpool,Everton,,2.0,1.0
43,5,2025-09-20 14:00:00Z,American Express Stadium,Brighton,Spurs,,2.0,2.0
44,5,2025-09-20 14:00:00Z,Turf Moor,Burnley,Nott'm Forest,,1.0,1.0
49,5,2025-09-20 14:00:00Z,London Stadium,West Ham,Crystal Palace,,1.0,2.0
50,5,2025-09-20 14:00:00Z,Molineux Stadium,Wolves,Leeds,,1.0,3.0
47,5,2025-09-20 16:30:00Z,Old Trafford,Man Utd,Chelsea,,2.0,1.0
45,5,2025-09-20 19:00:00Z,Craven Cottage,Fulham,Brentford,,3.0,1.0
42,5,2025-09-21 13:00:00Z,Vitality Stadium,Bournemouth,Newcastle,,0.0,0.0
48,5,2025-09-21 13:00:00Z,Stadium of Light,Sunderland,Aston Villa,,1.0,1.0
41,5,2025-09-21 15:30:00Z,Emirates Stadium,Arsenal,Man City,,1.0,1.0
52,6,2025-09-27 11:30:00Z,Gtech Community Stadium,Brentford,Man Utd,,3.0,1.0
53,6,2025-09-27 14:00:00Z,Stamford Bridge,Chelsea,Brighton,,1.0,3.0
54,6,2025-09-27 14:00:00Z,Selhurst Park,Crystal Palace,Liverpool,,2.0,1.0
56,6,2025-09-27 14:00:00Z,Elland Road,Leeds,Bournemouth,,2.0,2.0
57,6,2025-09-27 14:00:00Z,Etihad Stadium,Man City,Burnley,,5.0,1.0
59,6,2025-09-27 16:30:00Z,The City Ground,Nott'm Forest,Sunderland,,0.0,1.0
60,6,2025-09-27 19:00:00Z,Tottenham Hotspur Stadium,Spurs,Wolves,,1.0,1.0
51,6,2025-09-28 13:00:00Z,Villa Park,Aston Villa,Fulham,,3.0,1.0
58,6,2025-09-28 15:30:00Z,St. James' Park,Newcastle,Arsenal,,1.0,2.0
55,6,2025-09-29 19:00:00Z,Hill Dickinson Stadium,Everton,West Ham,,1.0,1.0
63,7,2025-10-03 19:00:00Z,Vitality Stadium,Bournemouth,Fulham,,3.0,1.0
67,7,2025-10-04 11:30:00Z,Elland Road,Leeds,Spurs,,1.0,2.0
61,7,2025-10-04 14:00:00Z,Emirates Stadium,Arsenal,West Ham,,2.0,0.0
68,7,2025-10-04 14:00:00Z,Old Trafford,Man Utd,Sunderland,,2.0,0.0
65,7,2025-10-04 16:30:00Z,Stamford Bridge,Chelsea,Liverpool,,2.0,1.0
62,7,2025-10-05 13:00:00Z,Villa Park,Aston Villa,Burnley,,2.0,1.0
66,7,2025-10-05 13:00:00Z,Hill Dickinson Stadium,Everton,Crystal Palace,,2.0,1.0
69,7,2025-10-05 13:00:00Z,St. James' Park,Newcastle,Nott'm Forest,,2.0,0.0
70,7,2025-10-05 13:00:00Z,Molineux Stadium,Wolves,Brighton,,1.0,1.0
64,7,2025-10-05 15:30:00Z,Gtech Community Stadium,Brentford,Man City,,0.0,1.0
77,8,2025-10-18 11:30:00Z,The City Ground,Nott'm Forest,Chelsea,,0.0,3.0
71,8,2025-10-18 14:00:00Z,American Express Stadium,Brighton,Newcastle,,2.0,1.0
72,8,2025-10-18 14:00:00Z,Turf Moor,Burnley,Leeds,,2.0,0.0
73,8,2025-10-18 14:00:00Z,Selhurst Park,Crystal Palace,Bournemouth,,3.0,3.0
76,8,2025-10-18 14:00:00Z,Etihad Stadium,Man City,Everton,,2.0,0.0
78,8,2025-10-18 14:00:00Z,Stadium of Light,Sunderland,Wolves,,2.0,0.0
74,8,2025-10-18 16:30:00Z,Craven Cottage,Fulham,Arsenal,,0.0,1.0
79,8,2025-10-19 13:00:00Z,Tottenham Hotspur Stadium,Spurs,Aston Villa,,1.0,2.0
75,8,2025-10-19 15:30:00Z,Anfield,Liverpool,Man Utd,,1.0,2.0
80,8,2025-10-20 19:00:00Z,London Stadium,West Ham,Brentford,,0.0,2.0
87,9,2025-10-24 19:00:00Z,Elland Road,Leeds,West Ham,,2.0,1.0
85,9,2025-10-25 14:00:00Z,Stamford Bridge,Chelsea,Sunderland,,1.0,2.0
89,9,2025-10-25 14:00:00Z,St. James' Park,Newcastle,Fulham,,2.0,1.0
88,9,2025-10-25 16:30:00Z,Old Trafford,Man Utd,Brighton,,4.0,2.0
84,9,2025-10-25 19:00:00Z,Gtech Community Stadium,Brentford,Liverpool,,3.0,2.0
81,9,2025-10-26 14:00:00Z,Emirates Stadium,Arsenal,Crystal Palace,,1.0,0.0
82,9,2025-10-26 14:00:00Z,Villa Park,Aston Villa,Man City,,1.0,0.0
90,9,2025-10-26 14:00:00Z,Molineux Stadium,Wolves,Burnley,,2.0,3.0
83,9,2025-10-26 16:00:00Z,Vitality Stadium,Bournemouth,Nott'm Forest,,2.0,0.0
86,9,2025-10-26 16:30:00Z,Hill Dickinson Stadium,Everton,Spurs,,0.0,3.0
91,10,2025-11-01 15:00:00Z,American Express Stadium,Brighton,Leeds,,3.0,0.0
92,10,2025-11-01 15:00:00Z,Turf Moor,Burnley,Arsenal,,0.0,2.0
93,10,2025-11-01 15:00:00Z,Selhurst Park,Crystal Palace,Brentford,,2.0,0.0
94,10,2025-11-01 15:00:00Z,Craven Cottage,Fulham,Wolves,,3.0,0.0
97,10,2025-11-01 15:00:00Z,The City Ground,Nott'm Forest,Man Utd,,2.0,2.0
99,10,2025-11-01 17:30:00Z,Tottenham Hotspur Stadium,Spurs,Chelsea,,0.0,1.0
95,10,2025-11-01 20:00:00Z,Anfield,Liverpool,Aston Villa,,2.0,0.0
100,10,2025-11-02 14:00:00Z,London Stadium,West Ham,Newcastle,,3.0,1.0
96,10,2025-11-02 16:30:00Z,Etihad Stadium,Man City,Bournemouth,,3.0,1.0
98,10,2025-11-03 20:00:00Z,Stadium of Light,Sunderland,Everton,,1.0,1.0
109,11,2025-11-08 12:30:00Z,Tottenham Hotspur Stadium,Spurs,Man Utd,,2.0,2.0
105,11,2025-11-08 15:00:00Z,Hill Dickinson Stadium,Everton,Fulham,,2.0,0.0
110,11,2025-11-08 15:00:00Z,London Stadium,West Ham,Burnley,,3.0,2.0
108,11,2025-11-08 17:30:00Z,Stadium of Light,Sunderland,Arsenal,,2.0,2.0
103,11,2025-11-08 20:00:00Z,Stamford Bridge,Chelsea,Wolves,,3.0,0.0
101,11,2025-11-09 14:00:00Z,Villa Park,Aston Villa,Bournemouth,,4.0,0.0
102,11,2025-11-09 14:00:00Z,Gtech Community Stadium,Brentford,Newcastle,,3.0,1.0
104,11,2025-11-09 14:00:00Z,Selhurst Park,Crystal Palace,Brighton,,0.0,0.0
107,11,2025-11-09 14:00:00Z,The City Ground,Nott'm Forest,Leeds,,3.0,1.0
106,11,2025-11-09 16:30:00Z,Etihad Stadium,Man City,Liverpool,,3.0,0.0
114,12,2025-11-22 12:30:00Z,Turf Moor,Burnley,Chelsea,,,
112,12,2025-11-22 15:00:00Z,Vitality Stadium,Bournemouth,West Ham,,,
113,12,2025-11-22 15:00:00Z,American Express Stadium,Brighton,Brentford,,,
115,12,2025-11-22 15:00:00Z,Craven Cottage,Fulham,Sunderland,,,
117,12,2025-11-22 15:00:00Z,Anfield,Liverpool,Nott'm Forest,,,
120,12,2025-11-22 15:00:00Z,Molineux Stadium,Wolves,Crystal Palace,,,
119,12,2025-11-22 17:30:00Z,St. James' Park,Newcastle,Man City,,,
116,12,2025-11-23 14:00:00Z,Elland Road,Leeds,Aston Villa,,,
111,12,2025-11-23 16:30:00Z,Emirates Stadium,Arsenal,Spurs,,,
118,12,2025-11-24 20:00:00Z,Old Trafford,Man Utd,Everton,,,
122,13,2025-11-29 15:00:00Z,Gtech Community Stadium,Brentford,Burnley,,,
126,13,2025-11-29 15:00:00Z,Etihad Stadium,Man City,Leeds,,,
128,13,2025-11-29 15:00:00Z,Stadium of Light,Sunderland,Bournemouth,,,
125,13,2025-11-29 17:30:00Z,Hill Dickinson Stadium,Everton,Newcastle,,,
129,13,2025-11-29 20:00:00Z,Tottenham Hotspur Stadium,Spurs,Fulham,,,
124,13,2025-11-30 12:00:00Z,Selhurst Park,Crystal Palace,Man Utd,,,
121,13,2025-11-30 14:05:00Z,Villa Park,Aston Villa,Wolves,,,
127,13,2025-11-30 14:05:00Z,The City Ground,Nott'm Forest,Brighton,,,
130,13,2025-11-30 14:05:00Z,London Stadium,West Ham,Liverpool,,,
123,13,2025-11-30 16:30:00Z,Stamford Bridge,Chelsea,Arsenal,,,
132,14,2025-12-02 19:30:00Z,Vitality Stadium,Bournemouth,Everton,,,
135,14,2025-12-02 19:30:00Z,Craven Cottage,Fulham,Man City,,,
139,14,2025-12-02 20:15:00Z,St. James' Park,Newcastle,Spurs,,,
131,14,2025-12-03 19:30:00Z,Emirates Stadium,Arsenal,Brentford,,,
133,14,2025-12-03 19:30:00Z,American Express Stadium,Brighton,Aston Villa,,,
134,14,2025-12-03 19:30:00Z,Turf Moor,Burnley,Crystal Palace,,,
140,14,2025-12-03 19:30:00Z,Molineux Stadium,Wolves,Nott'm Forest,,,
136,14,2025-12-03 20:15:00Z,Elland Road,Leeds,Chelsea,,,
137,14,2025-12-03 20:15:00Z,Anfield,Liverpool,Sunderland,,,
138,14,2025-12-04 20:00:00Z,Old Trafford,Man Utd,West Ham,,,
141,15,2025-12-06 12:30:00Z,Villa Park,Aston Villa,Arsenal,,,
142,15,2025-12-06 15:00:00Z,Vitality Stadium,Bournemouth,Chelsea,,,
144,15,2025-12-06 15:00:00Z,Hill Dickinson Stadium,Everton,Nott'm Forest,,,
147,15,2025-12-06 15:00:00Z,Etihad Stadium,Man City,Sunderland,,,
148,15,2025-12-06 15:00:00Z,St. James' Park,Newcastle,Burnley,,,
149,15,2025-12-06 15:00:00Z,Tottenham Hotspur Stadium,Spurs,Brentford,,,
146,15,2025-12-06 17:30:00Z,Elland Road,Leeds,Liverpool,,,
143,15,2025-12-07 14:00:00Z,American Express Stadium,Brighton,West Ham,,,
145,15,2025-12-07 16:30:00Z,Craven Cottage,Fulham,Crystal Palace,,,
150,15,2025-12-08 20:00:00Z,Molineux Stadium,Wolves,Man Utd,,,
154,16,2025-12-13 15:00:00Z,Stamford Bridge,Chelsea,Everton,,,
156,16,2025-12-13 15:00:00Z,Anfield,Liverpool,Brighton,,,
153,16,2025-12-13 17:30:00Z,Turf Moor,Burnley,Fulham,,,
151,16,2025-12-13 20:00:00Z,Emirates Stadium,Arsenal,Wolves,,,
155,16,2025-12-14 14:00:00Z,Selhurst Park,Crystal Palace,Man City,,,
158,16,2025-12-14 14:00:00Z,The City Ground,Nott'm Forest,Spurs,,,
159,16,2025-12-14 14:00:00Z,Stadium of Light,Sunderland,Newcastle,,,
160,16,2025-12-14 14:00:00Z,London Stadium,West Ham,Aston Villa,,,
152,16,2025-12-14 16:30:00Z,Gtech Community Stadium,Brentford,Leeds,,,
157,16,2025-12-15 20:00:00Z,Old Trafford,Man Utd,Bournemouth,,,
168,17,2025-12-20 12:30:00Z,St. James' Park,Newcastle,Chelsea,,,
162,17,2025-12-20 15:00:00Z,Vitality Stadium,Bournemouth,Burnley,,,
163,17,2025-12-20 15:00:00Z,American Express Stadium,Brighton,Sunderland,,,
167,17,2025-12-20 15:00:00Z,Etihad Stadium,Man City,West Ham,,,
170,17,2025-12-20 15:00:00Z,Molineux Stadium,Wolves,Brentford,,,
169,17,2025-12-20 17:30:00Z,Tottenham Hotspur Stadium,Spurs,Liverpool,,,
164,17,2025-12-21 14:00:00Z,Hill Dickinson Stadium,Everton,Arsenal,,,
166,17,2025-12-21 14:00:00Z,Elland Road,Leeds,Crystal Palace,,,
161,17,2025-12-21 16:30:00Z,Villa Park,Aston Villa,Man Utd,,,
165,17,2025-12-22 20:00:00Z,Craven Cottage,Fulham,Nott'm Forest,,,
177,18,2025-12-26 20:00:00Z,Old Trafford,Man Utd,Newcastle,,,
178,18,2025-12-27 12:30:00Z,The City Ground,Nott'm Forest,Man City,,,
171,18,2025-12-27 15:00:00Z,Emirates Stadium,Arsenal,Brighton,,,
172,18,2025-12-27 15:00:00Z,Gtech Community Stadium,Brentford,Bournemouth,,,
173,18,2025-12-27 15:00:00Z,Turf Moor,Burnley,Everton,,,
176,18,2025-12-27 15:00:00Z,Anfield,Liverpool,Wolves,,,
180,18,2025-12-27 15:00:00Z,London Stadium,West Ham,Fulham,,,
174,18,2025-12-27 17:30:00Z,Stamford Bridge,Chelsea,Aston Villa,,,
179,18,2025-12-28 14:00:00Z,Stadium of Light,Sunderland,Leeds,,,
175,18,2025-12-28 16:30:00Z,Selhurst Park,Crystal Palace,Spurs,,,
183,19,2025-12-30 19:30:00Z,Turf Moor,Burnley,Newcastle,,,
184,19,2025-12-30 19:30:00Z,Stamford Bridge,Chelsea,Bournemouth,,,
188,19,2025-12-30 19:30:00Z,The City Ground,Nott'm Forest,Everton,,,
190,19,2025-12-30 19:30:00Z,London Stadium,West Ham,Brighton,,,
181,19,2025-12-30 20:15:00Z,Emirates Stadium,Arsenal,Aston Villa,,,
187,19,2025-12-30 20:15:00Z,Old Trafford,Man Utd,Wolves,,,
185,19,2026-01-01 17:30:00Z,Selhurst Park,Crystal Palace,Fulham,,,
186,19,2026-01-01 17:30:00Z,Anfield,Liverpool,Leeds,,,
182,19,2026-01-01 20:00:00Z,Gtech Community Stadium,Brentford,Spurs,,,
189,19,2026-01-01 20:00:00Z,Stadium of Light,Sunderland,Man City,,,
191,20,2026-01-03 12:30:00Z,Villa Park,Aston Villa,Nott'm Forest,,,
193,20,2026-01-03 15:00:00Z,American Express Stadium,Brighton,Burnley,,,
200,20,2026-01-03 15:00:00Z,Molineux Stadium,Wolves,West Ham,,,
192,20,2026-01-03 17:30:00Z,Vitality Stadium,Bournemouth,Arsenal,,,
196,20,2026-01-04 12:30:00Z,Elland Road,Leeds,Man Utd,,,
194,20,2026-01-04 15:00:00Z,Hill Dickinson Stadium,Everton,Brentford,,,
195,20,2026-01-04 15:00:00Z,Craven Cottage,Fulham,Liverpool,,,
198,20,2026-01-04 15:00:00Z,St. James' Park,Newcastle,Crystal Palace,,,
199,20,2026-01-04 15:00:00Z,Tottenham Hotspur Stadium,Spurs,Sunderland,,,
197,20,2026-01-04 17:30:00Z,Etihad Stadium,Man City,Chelsea,,,
210,21,2026-01-06 20:00:00Z,London Stadium,West Ham,Nott'm Forest,,,
202,21,2026-01-07 19:30:00Z,Vitality Stadium,Bournemouth,Spurs,,,
203,21,2026-01-07 19:30:00Z,Gtech Community Stadium,Brentford,Sunderland,,,
205,21,2026-01-07 19:30:00Z,Selhurst Park,Crystal Palace,Aston Villa,,,
206,21,2026-01-07 19:30:00Z,Hill Dickinson Stadium,Everton,Wolves,,,
207,21,2026-01-07 19:30:00Z,Craven Cottage,Fulham,Chelsea,,,
208,21,2026-01-07 19:30:00Z,Etihad Stadium,Man City,Brighton,,,
204,21,2026-01-07 20:15:00Z,Turf Moor,Burnley,Man Utd,,,
209,21,2026-01-07 20:15:00Z,St. James' Park,Newcastle,Leeds,,,
201,21,2026-01-08 20:00:00Z,Emirates Stadium,Arsenal,Liverpool,,,
211,22,2026-01-17 15:00:00Z,Villa Park,Aston Villa,Everton,,,
212,22,2026-01-17 15:00:00Z,American Express Stadium,Brighton,Bournemouth,,,
213,22,2026-01-17 15:00:00Z,Stamford Bridge,Chelsea,Brentford,,,
214,22,2026-01-17 15:00:00Z,Elland Road,Leeds,Fulham,,,
215,22,2026-01-17 15:00:00Z,Anfield,Liverpool,Burnley,,,
216,22,2026-01-17 15:00:00Z,Old Trafford,Man Utd,Man City,,,
217,22,2026-01-17 15:00:00Z,The City Ground,Nott'm Forest,Arsenal,,,
218,22,2026-01-17 15:00:00Z,Stadium of Light,Sunderland,Crystal Palace,,,
219,22,2026-01-17 15:00:00Z,Tottenham Hotspur Stadium,Spurs,West Ham,,,
220,22,2026-01-17 15:00:00Z,Molineux Stadium,Wolves,Newcastle,,,
221,23,2026-01-24 15:00:00Z,Emirates Stadium,Arsenal,Man Utd,,,
222,23,2026-01-24 15:00:00Z,Vitality Stadium,Bournemouth,Liverpool,,,
223,23,2026-01-24 15:00:00Z,Gtech Community Stadium,Brentford,Nott'm Forest,,,
224,23,2026-01-24 15:00:00Z,Turf Moor,Burnley,Spurs,,,
225,23,2026-01-24 15:00:00Z,Selhurst Park,Crystal Palace,Chelsea,,,
226,23,2026-01-24 15:00:00Z,Hill Dickinson Stadium,Everton,Leeds,,,
227,23,2026-01-24 15:00:00Z,Craven Cottage,Fulham,Brighton,,,
228,23,2026-01-24 15:00:00Z,Etihad Stadium,Man City,Wolves,,,
229,23,2026-01-24 15:00:00Z,St. James' Park,Newcastle,Aston Villa,,,
230,23,2026-01-24 15:00:00Z,London Stadium,West Ham,Sunderland,,,
231,24,2026-01-31 15:00:00Z,Villa Park,Aston Villa,Brentford,,,
232,24,2026-01-31 15:00:00Z,American Express Stadium,Brighton,Everton,,,
233,24,2026-01-31 15:00:00Z,Stamford Bridge,Chelsea,West Ham,,,
234,24,2026-01-31 15:00:00Z,Elland Road,Leeds,Arsenal,,,
235,24,2026-01-31 15:00:00Z,Anfield,Liverpool,Newcastle,,,
236,24,2026-01-31 15:00:00Z,Old Trafford,Man Utd,Fulham,,,
237,24,2026-01-31 15:00:00Z,The City Ground,Nott'm Forest,Crystal Palace,,,
238,24,2026-01-31 15:00:00Z,Stadium of Light,Sunderland,Burnley,,,
239,24,2026-01-31 15:00:00Z,Tottenham Hotspur Stadium,Spurs,Man City,,,
240,24,2026-01-31 15:00:00Z,Molineux Stadium,Wolves,Bournemouth,,,
241,25,2026-02-07 15:00:00Z,Emirates Stadium,Arsenal,Sunderland,,,
242,25,2026-02-07 15:00:00Z,Vitality Stadium,Bournemouth,Aston Villa,,,
243,25,2026-02-07 15:00:00Z,American Express Stadium,Brighton,Crystal Palace,,,
244,25,2026-02-07 15:00:00Z,Turf Moor,Burnley,West Ham,,,
245,25,2026-02-07 15:00:00Z,Craven Cottage,Fulham,Everton,,,
246,25,2026-02-07 15:00:00Z,Elland Road,Leeds,Nott'm Forest,,,
247,25,2026-02-07 15:00:00Z,Anfield,Liverpool,Man City,,,
248,25,2026-02-07 15:00:00Z,Old Trafford,Man Utd,Spurs,,,
249,25,2026-02-07 15:00:00Z,St. James' Park,Newcastle,Brentford,,,
250,25,2026-02-07 15:00:00Z,Molineux Stadium,Wolves,Chelsea,,,
251,26,2026-02-11 20:00:00Z,Villa Park,Aston Villa,Brighton,,,
252,26,2026-02-11 20:00:00Z,Gtech Community Stadium,Brentford,Arsenal,,,
253,26,2026-02-11 20:00:00Z,Stamford Bridge,Chelsea,Leeds,,,
254,26,2026-02-11 20:00:00Z,Selhurst Park,Crystal Palace,Burnley,,,
255,26,2026-02-11 20:00:00Z,Hill Dickinson Stadium,Everton,Bournemouth,,,
256,26,2026-02-11 20:00:00Z,Etihad Stadium,Man City,Fulham,,,
257,26,2026-02-11 20:00:00Z,The City Ground,Nott'm Forest,Wolves,,,
258,26,2026-02-11 20:00:00Z,Stadium of Light,Sunderland,Liverpool,,,
259,26,2026-02-11 20:00:00Z,Tottenham Hotspur Stadium,Spurs,Newcastle,,,
260,26,2026-02-11 20:00:00Z,London Stadium,West Ham,Man Utd,,,
261,27,2026-02-21 15:00:00Z,Villa Park,Aston Villa,Leeds,,,
262,27,2026-02-21 15:00:00Z,Gtech Community Stadium,Brentford,Brighton,,,
263,27,2026-02-21 15:00:00Z,Stamford Bridge,Chelsea,Burnley,,,
264,27,2026-02-21 15:00:00Z,Selhurst Park,Crystal Palace,Wolves,,,
265,27,2026-02-21 15:00:00Z,Hill Dickinson Stadium,Everton,Man Utd,,,
266,27,2026-02-21 15:00:00Z,Etihad Stadium,Man City,Newcastle,,,
267,27,2026-02-21 15:00:00Z,The City Ground,Nott'm Forest,Liverpool,,,
268,27,2026-02-21 15:00:00Z,Stadium of Light,Sunderland,Fulham,,,
269,27,2026-02-21 15:00:00Z,Tottenham Hotspur Stadium,Spurs,Arsenal,,,
270,27,2026-02-21 15:00:00Z,London Stadium,West Ham,Bournemouth,,,
271,28,2026-02-28 15:00:00Z,Emirates Stadium,Arsenal,Chelsea,,,
272,28,2026-02-28 15:00:00Z,Vitality Stadium,Bournemouth,Sunderland,,,
273,28,2026-02-28 15:00:00Z,American Express Stadium,Brighton,Nott'm Forest,,,
274,28,2026-02-28 15:00:00Z,Turf Moor,Burnley,Brentford,,,
275,28,2026-02-28 15:00:00Z,Craven Cottage,Fulham,Spurs,,,
276,28,2026-02-28 15:00:00Z,Elland Road,Leeds,Man City,,,
277,28,2026-02-28 15:00:00Z,Anfield,Liverpool,West Ham,,,
278,28,2026-02-28 15:00:00Z,Old Trafford,Man Utd,Crystal Palace,,,
279,28,2026-02-28 15:00:00Z,St. James' Park,Newcastle,Everton,,,
280,28,2026-02-28 15:00:00Z,Molineux Stadium,Wolves,Aston Villa,,,
281,29,2026-03-04 20:00:00Z,Villa Park,Aston Villa,Chelsea,,,
282,29,2026-03-04 20:00:00Z,Vitality Stadium,Bournemouth,Brentford,,,
283,29,2026-03-04 20:00:00Z,American Express Stadium,Brighton,Arsenal,,,
284,29,2026-03-04 20:00:00Z,Hill Dickinson Stadium,Everton,Burnley,,,
285,29,2026-03-04 20:00:00Z,Craven Cottage,Fulham,West Ham,,,
286,29,2026-03-04 20:00:00Z,Elland Road,Leeds,Sunderland,,,
287,29,2026-03-04 20:00:00Z,Etihad Stadium,Man City,Nott'm Forest,,,
288,29,2026-03-04 20:00:00Z,St. James' Park,Newcastle,Man Utd,,,
289,29,2026-03-04 20:00:00Z,Tottenham Hotspur Stadium,Spurs,Crystal Palace,,,
290,29,2026-03-04 20:00:00Z,Molineux Stadium,Wolves,Liverpool,,,
291,30,2026-03-14 15:00:00Z,Emirates Stadium,Arsenal,Everton,,,
292,30,2026-03-14 15:00:00Z,Gtech Community Stadium,Brentford,Wolves,,,
293,30,2026-03-14 15:00:00Z,Turf Moor,Burnley,Bournemouth,,,
294,30,2026-03-14 15:00:00Z,Stamford Bridge,Chelsea,Newcastle,,,
295,30,2026-03-14 15:00:00Z,Selhurst Park,Crystal Palace,Leeds,,,
296,30,2026-03-14 15:00:00Z,Anfield,Liverpool,Spurs,,,
297,30,2026-03-14 15:00:00Z,Old Trafford,Man Utd,Aston Villa,,,
298,30,2026-03-14 15:00:00Z,The City Ground,Nott'm Forest,Fulham,,,
299,30,2026-03-14 15:00:00Z,Stadium of Light,Sunderland,Brighton,,,
300,30,2026-03-14 15:00:00Z,London Stadium,West Ham,Man City,,,
301,31,2026-03-21 15:00:00Z,Villa Park,Aston Villa,West Ham,,,
302,31,2026-03-21 15:00:00Z,Vitality Stadium,Bournemouth,Man Utd,,,
303,31,2026-03-21 15:00:00Z,American Express Stadium,Brighton,Liverpool,,,
304,31,2026-03-21 15:00:00Z,Hill Dickinson Stadium,Everton,Chelsea,,,
305,31,2026-03-21 15:00:00Z,Craven Cottage,Fulham,Burnley,,,
306,31,2026-03-21 15:00:00Z,Elland Road,Leeds,Brentford,,,
307,31,2026-03-21 15:00:00Z,Etihad Stadium,Man City,Crystal Palace,,,
308,31,2026-03-21 15:00:00Z,St. James' Park,Newcastle,Sunderland,,,
309,31,2026-03-21 15:00:00Z,Tottenham Hotspur Stadium,Spurs,Nott'm Forest,,,
310,31,2026-03-21 15:00:00Z,Molineux Stadium,Wolves,Arsenal,,,
311,32,2026-04-11 14:00:00Z,Emirates Stadium,Arsenal,Bournemouth,,,
312,32,2026-04-11 14:00:00Z,Gtech Community Stadium,Brentford,Everton,,,
313,32,2026-04-11 14:00:00Z,Turf Moor,Burnley,Brighton,,,
314,32,2026-04-11 14:00:00Z,Stamford Bridge,Chelsea,Man City,,,
315,32,2026-04-11 14:00:00Z,Selhurst Park,Crystal Palace,Newcastle,,,
316,32,2026-04-11 14:00:00Z,Anfield,Liverpool,Fulham,,,
317,32,2026-04-11 14:00:00Z,Old Trafford,Man Utd,Leeds,,,
318,32,2026-04-11 14:00:00Z,The City Ground,Nott'm Forest,Aston Villa,,,
319,32,2026-04-11 14:00:00Z,Stadium of Light,Sunderland,Spurs,,,
320,32,2026-04-11 14:00:00Z,London Stadium,West Ham,Wolves,,,
321,33,2026-04-18 14:00:00Z,Villa Park,Aston Villa,Sunderland,,,
322,33,2026-04-18 14:00:00Z,Gtech Community Stadium,Brentford,Fulham,,,
323,33,2026-04-18 14:00:00Z,Stamford Bridge,Chelsea,Man Utd,,,
324,33,2026-04-18 14:00:00Z,Selhurst Park,Crystal Palace,West Ham,,,
325,33,2026-04-18 14:00:00Z,Hill Dickinson Stadium,Everton,Liverpool,,,
326,33,2026-04-18 14:00:00Z,Elland Road,Leeds,Wolves,,,
327,33,2026-04-18 14:00:00Z,Etihad Stadium,Man City,Arsenal,,,
328,33,2026-04-18 14:00:00Z,St. James' Park,Newcastle,Bournemouth,,,
329,33,2026-04-18 14:00:00Z,The City Ground,Nott'm Forest,Burnley,,,
330,33,2026-04-18 14:00:00Z,Tottenham Hotspur Stadium,Spurs,Brighton,,,
331,34,2026-04-25 14:00:00Z,Emirates Stadium,Arsenal,Newcastle,,,
332,34,2026-04-25 14:00:00Z,Vitality Stadium,Bournemouth,Leeds,,,
333,34,2026-04-25 14:00:00Z,American Express Stadium,Brighton,Chelsea,,,
334,34,2026-04-25 14:00:00Z,Turf Moor,Burnley,Man City,,,
335,34,2026-04-25 14:00:00Z,Craven Cottage,Fulham,Aston Villa,,,
336,34,2026-04-25 14:00:00Z,Anfield,Liverpool,Crystal Palace,,,
337,34,2026-04-25 14:00:00Z,Old Trafford,Man Utd,Brentford,,,
338,34,2026-04-25 14:00:00Z,Stadium of Light,Sunderland,Nott'm Forest,,,
339,34,2026-04-25 14:00:00Z,London Stadium,West Ham,Everton,,,
340,34,2026-04-25 14:00:00Z,Molineux Stadium,Wolves,Spurs,,,
341,35,2026-05-02 14:00:00Z,Emirates Stadium,Arsenal,Fulham,,,
342,35,2026-05-02 14:00:00Z,Villa Park,Aston Villa,Spurs,,,
343,35,2026-05-02 14:00:00Z,Vitality Stadium,Bournemouth,Crystal Palace,,,
344,35,2026-05-02 14:00:00Z,Gtech Community Stadium,Brentford,West Ham,,,
345,35,2026-05-02 14:00:00Z,Stamford Bridge,Chelsea,Nott'm Forest,,,
346,35,2026-05-02 14:00:00Z,Hill Dickinson Stadium,Everton,Man City,,,
347,35,2026-05-02 14:00:00Z,Elland Road,Leeds,Burnley,,,
348,35,2026-05-02 14:00:00Z,Old Trafford,Man Utd,Liverpool,,,
349,35,2026-05-02 14:00:00Z,St. James' Park,Newcastle,Brighton,,,
350,35,2026-05-02 14:00:00Z,Molineux Stadium,Wolves,Sunderland,,,
351,36,2026-05-09 14:00:00Z,American Express Stadium,Brighton,Wolves,,,
352,36,2026-05-09 14:00:00Z,Turf Moor,Burnley,Aston Villa,,,
353,36,2026-05-09 14:00:00Z,Selhurst Park,Crystal Palace,Everton,,,
354,36,2026-05-09 14:00:00Z,Craven Cottage,Fulham,Bournemouth,,,
355,36,2026-05-09 14:00:00Z,Anfield,Liverpool,Chelsea,,,
356,36,2026-05-09 14:00:00Z,Etihad Stadium,Man City,Brentford,,,
357,36,2026-05-09 14:00:00Z,The City Ground,Nott'm Forest,Newcastle,,,
358,36,2026-05-09 14:00:00Z,Stadium of Light,Sunderland,Man Utd,,,
359,36,2026-05-09 14:00:00Z,Tottenham Hotspur Stadium,Spurs,Leeds,,,
360,36,2026-05-09 14:00:00Z,London Stadium,West Ham,Arsenal,,,
361,37,2026-05-17 14:00:00Z,Emirates Stadium,Arsenal,Burnley,,,
362,37,2026-05-17 14:00:00Z,Villa Park,Aston Villa,Liverpool,,,
363,37,2026-05-17 14:00:00Z,Vitality Stadium,Bournemouth,Man City,,,
364,37,2026-05-17 14:00:00Z,Gtech Community Stadium,Brentford,Crystal Palace,,,
365,37,2026-05-17 14:00:00Z,Stamford Bridge,Chelsea,Spurs,,,
366,37,2026-05-17 14:00:00Z,Hill Dickinson Stadium,Everton,Sunderland,,,
367,37,2026-05-17 14:00:00Z,Elland Road,Leeds,Brighton,,,
368,37,2026-05-17 14:00:00Z,Old Trafford,Man Utd,Nott'm Forest,,,
369,37,2026-05-17 14:00:00Z,St. James' Park,Newcastle,West Ham,,,
370,37,2026-05-17 14:00:00Z,Molineux Stadium,Wolves,Fulham,,,
371,38,2026-05-24 15:00:00Z,American Express Stadium,Brighton,Man Utd,,,
372,38,2026-05-24 15:00:00Z,Turf Moor,Burnley,Wolves,,,
373,38,2026-05-24 15:00:00Z,Selhurst Park,Crystal Palace,Arsenal,,,
374,38,2026-05-24 15:00:00Z,Craven Cottage,Fulham,Newcastle,,,
375,38,2026-05-24 15:00:00Z,Anfield,Liverpool,Brentford,,,
376,38,2026-05-24 15:00:00Z,Etihad Stadium,Man City,Aston Villa,,,
377,38,2026-05-24 15:00:00Z,The City Ground,Nott'm Forest,Bournemouth,,,
378,38,2026-05-24 15:00:00Z,Stadium of Light,Sunderland,Chelsea,,,
379,38,2026-05-24 15:00:00Z,Tottenham Hotspur Stadium,Spurs,Everton,,,
380,38,2026-05-24 15:00:00Z,London Stadium,West Ham,Leeds,,,
